{
  "_fv": 24,
  "_type": "recipe",
  "definition": {
    "recipeType": "Crafting",
    "xpReward": 0.0,
    "cookingTime": 200,
    "recipeRetstackSize": 1,
    "group": "",
    "recipeShapeless": false,
    "recipeSlots": [
      {
        "value": "Blocks.SANDSTONE#0"
      },
      {
        "value": "Blocks.COBBLESTONE"
      },
      {
        "value": "Blocks.SANDSTONE#0"
      },
      {
        "value": "Blocks.SANDSTONE#0"
      },
      {
        "value": "Blocks.FURNACE"
      },
      {
        "value": "Blocks.SANDSTONE#0"
      },
      {
        "value": "Blocks.BRICK_BLOCK"
      },
      {
        "value": "Blocks.BRICK_BLOCK"
      },
      {
        "value": "Blocks.BRICK_BLOCK"
      }
    ],
    "recipeReturnStack": {
      "value": "CUSTOM:Crucible"
    },
    "name": "cruciblerecipie",
    "namespace": "mod"
  }
}