{
  "_fv": 24,
  "_type": "dimension",
  "definition": {
    "biomesInDimension": [
      {
        "value": "CUSTOM:Bloosh"
      }
    ],
    "worldGenType": "Normal world gen",
    "mainFillerBlock": {
      "value": "Blocks.STONE#0"
    },
    "fluidBlock": {
      "value": "Blocks.WATER"
    },
    "canRespawnHere": false,
    "hasFog": false,
    "isDark": false,
    "doesWaterVaporize": false,
    "sleepResult": "ALLOW",
    "hasSkyLight": false,
    "imitateOverworldBehaviour": false,
    "portalFrame": {
      "value": "CUSTOM:Darkbricks"
    },
    "portalParticles": {
      "value": "CUSTOM:Polypy"
    },
    "portalLuminance": 0,
    "portalSound": {
      "value": "block.portal.ambient"
    },
    "igniterName": "Polyp Portal Igniter",
    "igniterTab": {
      "value": "TOOLS"
    },
    "texture": "pylyplighter",
    "portalTexture": "portal",
    "enablePortal": true
  }
}